order_date,abn,respb_scene,respb_scene_name,actualcnt,cnt,ratio_payed
2016/12/1,abn1,_汇总,_汇总,22823,0.418151624,0.418151624
2016/12/2,abn1,_汇总,_汇总,23476,0.445320737,0.445320737
2016/12/3,abn1,_汇总,_汇总,22864,0.39210138,0.39210138
2016/12/4,abn1,_汇总,_汇总,22432,0.374216684,0.374216684
2016/12/5,abn1,_汇总,_汇总,19776,0.368239973,0.368239973
2016/12/6,abn1,_汇总,_汇总,20325,0.370872368,0.370872368
2016/12/7,abn1,_汇总,_汇总,20897,0.377201553,0.377201553
2016/12/8,abn1,_汇总,_汇总,22328,0.391748782,0.391748782
2016/12/9,abn1,_汇总,_汇总,22164,0.380669597,0.380669597
2016/12/10,abn1,_汇总,_汇总,25609,0.393558301,0.393558301
2016/12/11,abn1,_汇总,_汇总,25381,0.379837045,0.379837045
2016/12/12,abn1,_汇总,_汇总,27604,0.431634,0.431634
2016/12/13,abn1,_汇总,_汇总,30475,0.478923365,0.478923365
2016/12/14,abn1,_汇总,_汇总,25442,0.405682424,0.405682424
2016/12/15,abn1,_汇总,_汇总,25446,0.407704503,0.407704503
2016/12/16,abn1,_汇总,_汇总,24957,0.395155908,0.395155908
2016/12/17,abn1,_汇总,_汇总,25760,0.383743802,0.383743802
2016/12/18,abn1,_汇总,_汇总,24532,0.36107624,0.36107624
2016/12/19,abn1,_汇总,_汇总,23750,0.382191824,0.382191824
2016/12/20,abn1,_汇总,_汇总,28647,0.431411491,0.431411491
2016/12/21,abn1,_汇总,_汇总,54520,0.80967367,0.80967367
2016/12/22,abn1,_汇总,_汇总,26399,0.404173309,0.404173309
2016/12/23,abn1,_汇总,_汇总,27628,0.424072288,0.424072288
2016/12/24,abn1,_汇总,_汇总,43386,0.595262759,0.595262759
2016/12/25,abn1,_汇总,_汇总,55425,0.709787148,0.709787148
2016/12/26,abn1,_汇总,_汇总,42853,0.604290657,0.604290657
2016/12/27,abn1,_汇总,_汇总,35051,0.499565227,0.499565227
2016/12/28,abn1,_汇总,_汇总,33379,0.477157099,0.477157099
2016/12/29,abn1,_汇总,_汇总,32313,0.460564987,0.460564987
2016/12/30,abn1,_汇总,_汇总,31145,0.454606627,0.454606627
2016/12/31,abn1,_汇总,_汇总,31697,0.483806221,0.483806221
2017/1/1,abn1,_汇总,_汇总,33486,0.529519201,0.529519201
2017/1/2,abn1,_汇总,_汇总,28782,0.424847826,0.424847826
2017/1/3,abn1,_汇总,_汇总,28514,0.434561426,0.434561426
2017/1/4,abn1,_汇总,_汇总,30582,0.451454673,0.451454673
2017/1/5,abn1,_汇总,_汇总,45157,0.625504551,0.625504551
2017/1/6,abn1,_汇总,_汇总,38021,0.550325526,0.550325526
2017/1/7,abn1,_汇总,_汇总,48966,0.659645234,0.659645234
2017/1/8,abn1,_汇总,_汇总,36755,0.523534481,0.523534481
2017/1/9,abn1,_汇总,_汇总,33888,0.531126908,0.531126908
2017/1/10,abn1,_汇总,_汇总,39706,0.617597532,0.617597532
2017/1/11,abn1,_汇总,_汇总,46065,0.72368574,0.72368574
2017/1/12,abn1,_汇总,_汇总,47800,0.771357526,0.771357526
2017/1/13,abn1,_汇总,_汇总,43517,0.759840367,0.759840367
2017/1/14,abn1,_汇总,_汇总,41006,0.734894571,0.734894571
2017/1/15,abn1,_汇总,_汇总,44205,0.807821606,0.807821606
2017/1/16,abn1,_汇总,_汇总,39652,0.778506376,0.778506376
2017/1/17,abn1,_汇总,_汇总,41484,0.816093512,0.816093512
2017/1/18,abn1,_汇总,_汇总,56404,1.096082502,1.096082502
2017/1/19,abn1,_汇总,_汇总,56825,1.160446984,1.160446984
2016/12/1,abn1-ydnorm,_汇总,_汇总,234,0.004287231,0.004287231
2016/12/2,abn1-ydnorm,_汇总,_汇总,350,0.006639217,0.006639217
2016/12/3,abn1-ydnorm,_汇总,_汇总,252,0.004321621,0.004321621
2016/12/4,abn1-ydnorm,_汇总,_汇总,189,0.003152949,0.003152949
2016/12/5,abn1-ydnorm,_汇总,_汇总,210,0.003910315,0.003910315
2016/12/6,abn1-ydnorm,_汇总,_汇总,197,0.003594679,0.003594679
2016/12/7,abn1-ydnorm,_汇总,_汇总,222,0.004007214,0.004007214
2016/12/8,abn1-ydnorm,_汇总,_汇总,215,0.003772214,0.003772214
2016/12/9,abn1-ydnorm,_汇总,_汇总,216,0.003709828,0.003709828
2016/12/10,abn1-ydnorm,_汇总,_汇总,258,0.003964936,0.003964936
2016/12/11,abn1-ydnorm,_汇总,_汇总,251,0.003756318,0.003756318
2016/12/12,abn1-ydnorm,_汇总,_汇总,324,0.005066274,0.005066274
2016/12/13,abn1-ydnorm,_汇总,_汇总,368,0.005783226,0.005783226
2016/12/14,abn1-ydnorm,_汇总,_汇总,305,0.004863342,0.004863342
2016/12/15,abn1-ydnorm,_汇总,_汇总,247,0.003957518,0.003957518
2016/12/16,abn1-ydnorm,_汇总,_汇总,277,0.004385871,0.004385871
2016/12/17,abn1-ydnorm,_汇总,_汇总,246,0.003664634,0.003664634
2016/12/18,abn1-ydnorm,_汇总,_汇总,225,0.003311681,0.003311681
2016/12/19,abn1-ydnorm,_汇总,_汇总,236,0.00379778,0.00379778
2016/12/20,abn1-ydnorm,_汇总,_汇总,315,0.004743764,0.004743764
2016/12/21,abn1-ydnorm,_汇总,_汇总,668,0.009920433,0.009920433
2016/12/22,abn1-ydnorm,_汇总,_汇总,284,0.00434809,0.00434809
2016/12/23,abn1-ydnorm,_汇总,_汇总,264,0.004052233,0.004052233
2016/12/24,abn1-ydnorm,_汇总,_汇总,490,0.006722877,0.006722877
2016/12/25,abn1-ydnorm,_汇总,_汇总,646,0.008272846,0.008272846
2016/12/26,abn1-ydnorm,_汇总,_汇总,492,0.006937927,0.006937927
2016/12/27,abn1-ydnorm,_汇总,_汇总,283,0.004033464,0.004033464
2016/12/28,abn1-ydnorm,_汇总,_汇总,324,0.004631622,0.004631622
2016/12/29,abn1-ydnorm,_汇总,_汇总,288,0.004104934,0.004104934
2016/12/30,abn1-ydnorm,_汇总,_汇总,279,0.004072411,0.004072411
2016/12/31,abn1-ydnorm,_汇总,_汇总,225,0.003434281,0.003434281
2017/1/1,abn1-ydnorm,_汇总,_汇总,245,0.003874222,0.003874222
2017/1/2,abn1-ydnorm,_汇总,_汇总,187,0.002760286,0.002760286
2017/1/3,abn1-ydnorm,_汇总,_汇总,214,0.003261421,0.003261421
2017/1/4,abn1-ydnorm,_汇总,_汇总,270,0.003985768,0.003985768
2017/1/5,abn1-ydnorm,_汇总,_汇总,432,0.005983966,0.005983966
2017/1/6,abn1-ydnorm,_汇总,_汇总,465,0.006730527,0.006730527
2017/1/7,abn1-ydnorm,_汇总,_汇总,377,0.005078754,0.005078754
2017/1/8,abn1-ydnorm,_汇总,_汇总,195,0.00277756,0.00277756
2017/1/9,abn1-ydnorm,_汇总,_汇总,227,0.003557773,0.003557773
2017/1/10,abn1-ydnorm,_汇总,_汇总,292,0.004541845,0.004541845
2017/1/11,abn1-ydnorm,_汇总,_汇总,304,0.00477587,0.00477587
2017/1/12,abn1-ydnorm,_汇总,_汇总,324,0.005228449,0.005228449
2017/1/13,abn1-ydnorm,_汇总,_汇总,254,0.004435036,0.004435036
2017/1/14,abn1-ydnorm,_汇总,_汇总,191,0.003423032,0.003423032
2017/1/15,abn1-ydnorm,_汇总,_汇总,192,0.003508692,0.003508692
2017/1/16,abn1-ydnorm,_汇总,_汇总,259,0.005085069,0.005085069
2017/1/17,abn1-ydnorm,_汇总,_汇总,257,0.00505583,0.00505583
2017/1/18,abn1-ydnorm,_汇总,_汇总,364,0.007073506,0.007073506
2017/1/19,abn1-ydnorm,_汇总,_汇总,1916,0.007073506,0.007073506
2016/12/1,abn2,_汇总,_汇总,99380,1.8207908,1.8207908
2016/12/2,abn2,_汇总,_汇总,74281,1.409050505,1.409050505
2016/12/3,abn2,_汇总,_汇总,72522,1.243700851,1.243700851
2016/12/4,abn2,_汇总,_汇总,71734,1.196685967,1.196685967
2016/12/5,abn2,_汇总,_汇总,63794,1.187879289,1.187879289
2016/12/6,abn2,_汇总,_汇总,55204,1.007313074,1.007313074
2016/12/7,abn2,_汇总,_汇总,53946,0.973752931,0.973752931
2016/12/8,abn2,_汇总,_汇总,66280,1.162894541,1.162894541
2016/12/9,abn2,_汇总,_汇总,58995,1.013246835,1.013246835
2016/12/10,abn2,_汇总,_汇总,65709,1.009813831,1.009813831
2016/12/11,abn2,_汇总,_汇总,67670,1.012709224,1.012709224
2016/12/12,abn2,_汇总,_汇总,67431,1.054394734,1.054394734
2016/12/13,abn2,_汇总,_汇总,71149,1.118126939,1.118126939
2016/12/14,abn2,_汇总,_汇总,69947,1.115331677,1.115331677
2016/12/15,abn2,_汇总,_汇总,66957,1.072807923,1.072807923
2016/12/16,abn2,_汇总,_汇总,66565,1.053954924,1.053954924
2016/12/17,abn2,_汇总,_汇总,66814,0.99532059,0.99532059
2016/12/18,abn2,_汇总,_汇总,65261,0.960549345,0.960549345
2016/12/19,abn2,_汇总,_汇总,61355,0.98734229,0.98734229
2016/12/20,abn2,_汇总,_汇总,66968,1.008509259,1.008509259
2016/12/21,abn2,_汇总,_汇总,81647,1.212535329,1.212535329
2016/12/22,abn2,_汇总,_汇总,63978,0.979514373,0.979514373
2016/12/23,abn2,_汇总,_汇总,64252,0.986227474,0.986227474
2016/12/24,abn2,_汇总,_汇总,80905,1.110029353,1.110029353
2016/12/25,abn2,_汇总,_汇总,95453,1.222396259,1.222396259
2016/12/26,abn2,_汇总,_汇总,84204,1.187400893,1.187400893
2016/12/27,abn2,_汇总,_汇总,77274,1.101349557,1.101349557
2016/12/28,abn2,_汇总,_汇总,76118,1.088116603,1.088116603
2016/12/29,abn2,_汇总,_汇总,82931,1.182035557,1.182035557
2016/12/30,abn2,_汇总,_汇总,76481,1.116351563,1.116351563
2016/12/31,abn2,_汇总,_汇总,72976,1.113867015,1.113867015
2017/1/1,abn2,_汇总,_汇总,77976,1.233046325,1.233046325
2017/1/2,abn2,_汇总,_汇总,70591,1.041985717,1.041985717
2017/1/3,abn2,_汇总,_汇总,66877,1.019224398,1.019224398
2017/1/4,abn2,_汇总,_汇总,66393,0.980100388,0.980100388
2017/1/5,abn2,_汇总,_汇总,84134,1.165405139,1.165405139
2017/1/6,abn2,_汇总,_汇总,77534,1.122246635,1.122246635
2017/1/7,abn2,_汇总,_汇总,93622,1.261228323,1.261228323
2017/1/8,abn2,_汇总,_汇总,83253,1.185847263,1.185847263
2017/1/9,abn2,_汇总,_汇总,74410,1.166228554,1.166228554
2017/1/10,abn2,_汇总,_汇总,85716,1.333249133,1.333249133
2017/1/11,abn2,_汇总,_汇总,100876,1.584772012,1.584772012
2017/1/12,abn2,_汇总,_汇总,101362,1.635697523,1.635697523
2017/1/13,abn2,_汇总,_汇总,96944,1.692716973,1.692716973
2017/1/14,abn2,_汇总,_汇总,99956,1.791374962,1.791374962
2017/1/15,abn2,_汇总,_汇总,104382,1.907522563,1.907522563
2017/1/16,abn2,_汇总,_汇总,86939,1.7069143,1.7069143
2017/1/17,abn2,_汇总,_汇总,92117,1.812170621,1.812170621
2017/1/18,abn2,_汇总,_汇总,112350,2.183264823,2.183264823
2017/1/19,abn2,_汇总,_汇总,104447,2.132955673,2.132955673
2016/12/1,abn2-chaoshi,_汇总,_汇总,145305,2.662205748,2.662205748
2016/12/2,abn2-chaoshi,_汇总,_汇总,138599,2.629110956,2.629110956
2016/12/3,abn2-chaoshi,_汇总,_汇总,143099,2.454046332,2.454046332
2016/12/4,abn2-chaoshi,_汇总,_汇总,141525,2.360958283,2.360958283
2016/12/5,abn2-chaoshi,_汇总,_汇总,116905,2.176835255,2.176835255
2016/12/6,abn2-chaoshi,_汇总,_汇总,121202,2.211585378,2.211585378
2016/12/7,abn2-chaoshi,_汇总,_汇总,118608,2.14093515,2.14093515
2016/12/8,abn2-chaoshi,_汇总,_汇总,133674,2.345334412,2.345334412
2016/12/9,abn2-chaoshi,_汇总,_汇总,135051,2.319518574,2.319518574
2016/12/10,abn2-chaoshi,_汇总,_汇总,168790,2.593959374,2.593959374
2016/12/11,abn2-chaoshi,_汇总,_汇总,167857,2.512048651,2.512048651
2016/12/12,abn2-chaoshi,_汇总,_汇总,164325,2.569491995,2.569491995
2016/12/13,abn2-chaoshi,_汇总,_汇总,169509,2.663882546,2.663882546
2016/12/14,abn2-chaoshi,_汇总,_汇总,162176,2.585958369,2.585958369
2016/12/15,abn2-chaoshi,_汇总,_汇总,165110,2.645448814,2.645448814
2016/12/16,abn2-chaoshi,_汇总,_汇总,164868,2.610432515,2.610432515
2016/12/17,abn2-chaoshi,_汇总,_汇总,170044,2.533126207,2.533126207
2016/12/18,abn2-chaoshi,_汇总,_汇总,166493,2.450540783,2.450540783
2016/12/19,abn2-chaoshi,_汇总,_汇总,143396,2.307569635,2.307569635
2016/12/20,abn2-chaoshi,_汇总,_汇总,175040,2.636027069,2.636027069
2016/12/21,abn2-chaoshi,_汇总,_汇总,222891,3.310142588,3.310142588
2016/12/22,abn2-chaoshi,_汇总,_汇总,173320,2.653559524,2.653559524
2016/12/23,abn2-chaoshi,_汇总,_汇总,179519,2.755502863,2.755502863
2016/12/24,abn2-chaoshi,_汇总,_汇总,251420,3.449522031,3.449522031
2016/12/25,abn2-chaoshi,_汇总,_汇总,273709,3.505189546,3.505189546
2016/12/26,abn2-chaoshi,_汇总,_汇总,238290,3.360241304,3.360241304
2016/12/27,abn2-chaoshi,_汇总,_汇总,213338,3.040605014,3.040605014
2016/12/28,abn2-chaoshi,_汇总,_汇总,206389,2.950357307,2.950357307
2016/12/29,abn2-chaoshi,_汇总,_汇总,207430,2.956549849,2.956549849
2016/12/30,abn2-chaoshi,_汇总,_汇总,201510,2.94133188,2.94133188
2016/12/31,abn2-chaoshi,_汇总,_汇总,200787,3.06470643,3.06470643
2017/1/1,abn2-chaoshi,_汇总,_汇总,210082,3.322058556,3.322058556
2017/1/2,abn2-chaoshi,_汇总,_汇总,185549,2.738867672,2.738867672
2017/1/3,abn2-chaoshi,_汇总,_汇总,170745,2.602202099,2.602202099
2017/1/4,abn2-chaoshi,_汇总,_汇总,176023,2.598469878,2.598469878
2017/1/5,abn2-chaoshi,_汇总,_汇总,216543,2.999504661,2.999504661
2017/1/6,abn2-chaoshi,_汇总,_汇总,205091,2.968538766,2.968538766
2017/1/7,abn2-chaoshi,_汇总,_汇总,251993,3.394722488,3.394722488
2017/1/8,abn2-chaoshi,_汇总,_汇总,223920,3.189493701,3.189493701
2017/1/9,abn2-chaoshi,_汇总,_汇总,187033,2.931369777,2.931369777
2017/1/10,abn2-chaoshi,_汇总,_汇总,200144,3.11309224,3.11309224
2017/1/11,abn2-chaoshi,_汇总,_汇总,219983,3.45595485,3.45595485
2017/1/12,abn2-chaoshi,_汇总,_汇总,229303,3.700305332,3.700305332
2017/1/13,abn2-chaoshi,_汇总,_汇总,207733,3.627178318,3.627178318
2017/1/14,abn2-chaoshi,_汇总,_汇总,202504,3.629202803,3.629202803
2017/1/15,abn2-chaoshi,_汇总,_汇总,213308,3.898084181,3.898084181
2017/1/16,abn2-chaoshi,_汇总,_汇总,212571,4.173506477,4.173506477
2017/1/17,abn2-chaoshi,_汇总,_汇总,208367,4.099097407,4.099097407
2017/1/18,abn2-chaoshi,_汇总,_汇总,255852,4.971897388,4.971897388
2017/1/19,abn2-chaoshi,_汇总,_汇总,254787,5.203111407,5.203111407
2016/12/1,abn3,_汇总,_汇总,157965,2.894155954,2.894155954
2016/12/2,abn3,_汇总,_汇总,153904,2.91943443,2.91943443
2016/12/3,abn3,_汇总,_汇总,166206,2.85031499,2.85031499
2016/12/4,abn3,_汇总,_汇总,165083,2.753959203,2.753959203
2016/12/5,abn3,_汇总,_汇总,139751,2.602240313,2.602240313
2016/12/6,abn3,_汇总,_汇总,143295,2.614718624,2.614718624
2016/12/7,abn3,_汇总,_汇总,165017,2.97864137,2.97864137
2016/12/8,abn3,_汇总,_汇总,164765,2.890831608,2.890831608
2016/12/9,abn3,_汇总,_汇总,176257,3.027237009,3.027237009
2016/12/10,abn3,_汇总,_汇总,192015,2.950880439,2.950880439
2016/12/11,abn3,_汇总,_汇总,195022,2.918583985,2.918583985
2016/12/12,abn3,_汇总,_汇总,183314,2.866416282,2.866416282
2016/12/13,abn3,_汇总,_汇总,209748,3.296249971,3.296249971
2016/12/14,abn3,_汇总,_汇总,211092,3.365942704,3.365942704
2016/12/15,abn3,_汇总,_汇总,178416,2.858642091,2.858642091
2016/12/16,abn3,_汇总,_汇总,171842,2.720855134,2.720855134
2016/12/17,abn3,_汇总,_汇总,189284,2.819742308,2.819742308
2016/12/18,abn3,_汇总,_汇总,188599,2.775909744,2.775909744
2016/12/19,abn3,_汇总,_汇总,159503,2.566768107,2.566768107
2016/12/20,abn3,_汇总,_汇总,214957,3.23715991,3.23715991
2016/12/21,abn3,_汇总,_汇总,276417,4.105054416,4.105054416
2016/12/22,abn3,_汇总,_汇总,242970,3.71991321,3.71991321
2016/12/23,abn3,_汇总,_汇总,214898,3.298548088,3.298548088
2016/12/24,abn3,_汇总,_汇总,282124,3.870785751,3.870785751
2016/12/25,abn3,_汇总,_汇总,310525,3.976664939,3.976664939
2016/12/26,abn3,_汇总,_汇总,280219,3.951502195,3.951502195
2016/12/27,abn3,_汇总,_汇总,272230,3.879964671,3.879964671
2016/12/28,abn3,_汇总,_汇总,243631,3.482736488,3.482736488
2016/12/29,abn3,_汇总,_汇总,220218,3.138820299,3.138820299
2016/12/30,abn3,_汇总,_汇总,205297,2.996608659,2.996608659
2016/12/31,abn3,_汇总,_汇总,226339,3.454718626,3.454718626
2017/1/1,abn3,_汇总,_汇总,246601,3.899539047,3.899539047
2017/1/2,abn3,_汇总,_汇总,218033,3.218360299,3.218360299
2017/1/3,abn3,_汇总,_汇总,194073,2.957727418,2.957727418
2017/1/4,abn3,_汇总,_汇总,206738,3.051887911,3.051887911
2017/1/5,abn3,_汇总,_汇总,238263,3.300365188,3.300365188
2017/1/6,abn3,_汇总,_汇总,226694,3.281226027,3.281226027
2017/1/7,abn3,_汇总,_汇总,266616,3.591716162,3.591716162
2017/1/8,abn3,_汇总,_汇总,226518,3.226499348,3.226499348
2017/1/9,abn3,_汇总,_汇总,201244,3.154098899,3.154098899
2017/1/10,abn3,_汇总,_汇总,208668,3.245676771,3.245676771
2017/1/11,abn3,_汇总,_汇总,233463,3.667726994,3.667726994
2017/1/12,abn3,_汇总,_汇总,213900,3.451744244,3.451744244
2017/1/13,abn3,_汇总,_汇总,202562,3.536888672,3.536888672
2017/1/14,abn3,_汇总,_汇总,203617,3.649149583,3.649149583
2017/1/15,abn3,_汇总,_汇总,203704,3.722576462,3.722576462
2017/1/16,abn3,_汇总,_汇总,191797,3.765640759,3.765640759
2017/1/17,abn3,_汇总,_汇总,197317,3.881716409,3.881716409
2017/1/18,abn3,_汇总,_汇总,214832,4.174767677,4.174767677
2017/1/19,abn3,_汇总,_汇总,236766,4.835097063,4.835097063
2016/12/1,abnormal,_汇总0,3总异常订单,425707,7.799591357,7.799591357
2016/12/2,abnormal,_汇总0,3总异常订单,390610,7.409555844,7.409555844
2016/12/3,abnormal,_汇总0,3总异常订单,404943,6.944485174,6.944485174
2016/12/4,abnormal,_汇总0,3总异常订单,400963,6.688973086,6.688973086
2016/12/5,abnormal,_汇总0,3总异常订单,340436,6.339105145,6.339105145
2016/12/6,abnormal,_汇总0,3总异常订单,340223,6.208084124,6.208084124
2016/12/7,abnormal,_汇总0,3总异常订单,358690,6.474538218,6.474538218
2016/12/8,abnormal,_汇总0,3总异常订单,387262,6.794581557,6.794581557
2016/12/9,abnormal,_汇总0,3总异常订单,392683,6.744381843,6.744381843
2016/12/10,abnormal,_汇总0,3总异常订单,452381,6.95217688,6.95217688
2016/12/11,abnormal,_汇总0,3总异常订单,456181,6.826935222,6.826935222
2016/12/12,abnormal,_汇总0,3总异常订单,442998,6.927003285,6.927003285
2016/12/13,abnormal,_汇总0,3总异常订单,481249,7.562966047,7.562966047
2016/12/14,abnormal,_汇总0,3总异常订单,468962,7.477778515,7.477778515
2016/12/15,abnormal,_汇总0,3总异常订单,436176,6.988560849,6.988560849
2016/12/16,abnormal,_汇总0,3总异常订单,428509,6.784784352,6.784784352
2016/12/17,abnormal,_汇总0,3总异常订单,452148,6.735597541,6.735597541
2016/12/18,abnormal,_汇总0,3总异常订单,445110,6.551387793,6.551387793
2016/12/19,abnormal,_汇总0,3总异常订单,388240,6.247669636,6.247669636
2016/12/20,abnormal,_汇总0,3总异常订单,485927,7.317851493,7.317851493
2016/12/21,abnormal,_汇总0,3总异常订单,636143,9.447326436,9.447326436
2016/12/22,abnormal,_汇总0,3总异常订单,506951,7.761508505,7.761508505
2016/12/23,abnormal,_汇总0,3总异常订单,486561,7.468402946,7.468402946
2016/12/24,abnormal,_汇总0,3总异常订单,658325,9.032322771,9.032322771
2016/12/25,abnormal,_汇总0,3总异常订单,735758,9.422310739,9.422310739
2016/12/26,abnormal,_汇总0,3总异常订单,646058,9.110372977,9.110372977
2016/12/27,abnormal,_汇总0,3总异常订单,598176,8.525517933,8.525517933
2016/12/28,abnormal,_汇总0,3总异常订单,559841,8.002999118,8.002999118
2016/12/29,abnormal,_汇总0,3总异常订单,543180,7.742075625,7.742075625
2016/12/30,abnormal,_汇总0,3总异常订单,514712,7.512971141,7.512971141
2016/12/31,abnormal,_汇总0,3总异常订单,532024,8.120532573,8.120532573
2017/1/1,abnormal,_汇总0,3总异常订单,568390,8.988037351,8.988037351
2017/1/2,abnormal,_汇总0,3总异常订单,503142,7.4268218,7.4268218
2017/1/3,abnormal,_汇总0,3总异常订单,460423,7.016976761,7.016976761
2017/1/4,abnormal,_汇总0,3总异常订单,480006,7.085898618,7.085898618
2017/1/5,abnormal,_汇总0,3总异常订单,584529,8.096763505,8.096763505
2017/1/6,abnormal,_汇总0,3总异常订单,547805,7.929067482,7.929067482
2017/1/7,abnormal,_汇总0,3总异常订单,661574,8.91239096,8.91239096
2017/1/8,abnormal,_汇总0,3总异常订单,570641,8.128152353,8.128152353
2017/1/9,abnormal,_汇总0,3总异常订单,496802,7.786381911,7.786381911
2017/1/10,abnormal,_汇总0,3总异常订单,534526,8.314157521,8.314157521
2017/1/11,abnormal,_汇总0,3总异常订单,600691,9.436915466,9.436915466
2017/1/12,abnormal,_汇总0,3总异常订单,592689,9.564333073,9.564333073
2017/1/13,abnormal,_汇总0,3总异常订单,551010,9.621059366,9.621059366
2017/1/14,abnormal,_汇总0,3总异常订单,547274,9.80804495,9.80804495
2017/1/15,abnormal,_汇总0,3总异常订单,565791,10.33951351,10.33951351
2017/1/16,abnormal,_汇总0,3总异常订单,531218,10.42965298,10.42965298
2017/1/17,abnormal,_汇总0,3总异常订单,539542,10.61413378,10.61413378
2017/1/18,abnormal,_汇总0,3总异常订单,639802,12.4330859,12.4330859
2017/1/19,abnormal,_汇总0,3总异常订单,654741,13.37073856,13.37073856
2016/12/1,bookord,_汇总0,2预定单,193670,3.548325158,3.548325158
2016/12/2,bookord,_汇总0,2预定单,185263,3.514289302,3.514289302
2016/12/3,bookord,_汇总0,2预定单,147412,2.528011222,2.528011222
2016/12/4,bookord,_汇总0,2预定单,150122,2.504375759,2.504375759
2016/12/5,bookord,_汇总0,2预定单,186085,3.46500482,3.46500482
2016/12/6,bookord,_汇总0,2预定单,192918,3.520194616,3.520194616
2016/12/7,bookord,_汇总0,2预定单,192454,3.473893273,3.473893273
2016/12/8,bookord,_汇总0,2预定单,198155,3.476665174,3.476665174
2016/12/9,bookord,_汇总0,2预定单,197146,3.386008314,3.386008314
2016/12/10,bookord,_汇总0,2预定单,182222,2.800381925,2.800381925
2016/12/11,bookord,_汇总0,2预定单,174004,2.60404102,2.60404102
2016/12/12,bookord,_汇总0,2预定单,275312,4.30495652,4.30495652
2016/12/13,bookord,_汇总0,2预定单,225139,3.53812395,3.53812395
2016/12/14,bookord,_汇总0,2预定单,217036,3.460722058,3.460722058
2016/12/15,bookord,_汇总0,2预定单,213052,3.413591913,3.413591913
2016/12/16,bookord,_汇总0,2预定单,205996,3.261631465,3.261631465
2016/12/17,bookord,_汇总0,2预定单,168149,2.504896607,2.504896607
2016/12/18,bookord,_汇总0,2预定单,171974,2.531213328,2.531213328
2016/12/19,bookord,_汇总0,2预定单,203042,3.267410205,3.267410205
2016/12/20,bookord,_汇总0,2预定单,227155,3.42085654,3.42085654
2016/12/21,bookord,_汇总0,2预定单,251127,3.729473948,3.729473948
2016/12/22,bookord,_汇总0,2预定单,218309,3.342348985,3.342348985
2016/12/23,bookord,_汇总0,2预定单,208302,3.197303669,3.197303669
2016/12/24,bookord,_汇总0,2预定单,200190,2.746638356,2.746638356
2016/12/25,bookord,_汇总0,2预定单,208980,2.676252923,2.676252923
2016/12/26,bookord,_汇总0,2预定单,222436,3.136676465,3.136676465
2016/12/27,bookord,_汇总0,2预定单,230000,3.278080573,3.278080573
2016/12/28,bookord,_汇总0,2预定单,229158,3.275843091,3.275843091
2016/12/29,bookord,_汇总0,2预定单,234162,3.337567496,3.337567496
2016/12/30,bookord,_汇总0,2预定单,217155,3.169693436,3.169693436
2016/12/31,bookord,_汇总0,2预定单,166103,2.535308223,2.535308223
2017/1/1,bookord,_汇总0,2预定单,138383,2.188271385,2.188271385
2017/1/2,bookord,_汇总0,2预定单,160308,2.366288143,2.366288143
2017/1/3,bookord,_汇总0,2预定单,201975,3.078156133,3.078156133
2017/1/4,bookord,_汇总0,2预定单,215318,3.178546765,3.178546765
2017/1/5,bookord,_汇总0,2预定单,236121,3.270694689,3.270694689
2017/1/6,bookord,_汇总0,2预定单,210915,3.052836809,3.052836809
2017/1/7,bookord,_汇总0,2预定单,178293,2.401873292,2.401873292
2017/1/8,bookord,_汇总0,2预定单,171856,2.447899381,2.447899381
2017/1/9,bookord,_汇总0,2预定单,192561,3.018010167,3.018010167
2017/1/10,bookord,_汇总0,2预定单,193508,3.009874157,3.009874157
2017/1/11,bookord,_汇总0,2预定单,191471,3.008028489,3.008028489
2017/1/12,bookord,_汇总0,2预定单,185028,2.985831389,2.985831389
2017/1/13,bookord,_汇总0,2预定单,172779,3.016854533,3.016854533
2017/1/14,bookord,_汇总0,2预定单,132112,2.367663062,2.367663062
2017/1/15,bookord,_汇总0,2预定单,125023,2.284725273,2.284725273
2017/1/16,bookord,_汇总0,2预定单,149327,2.931807263,2.931807263
2017/1/17,bookord,_汇总0,2预定单,151077,2.972060542,2.972060542
2017/1/18,bookord,_汇总0,2预定单,153680,2.986418674,2.986418674
2017/1/19,bookord,_汇总0,2预定单,148445,3.03145715,3.03145715
2016/12/1,payed,_汇总0,1支付成功订单量,5458068,91.75379358,91.75379358
2016/12/2,payed,_汇总0,1支付成功订单量,5271706,91.30756187,91.30756187
2016/12/3,payed,_汇总0,1支付成功订单量,5831145,91.75014999,91.75014999
2016/12/4,payed,_汇总0,1支付成功订单量,5994388,91.85704879,91.85704879
2016/12/5,payed,_汇总0,1支付成功订单量,5370411,91.72375194,91.72375194
2016/12/6,payed,_汇总0,1支付成功订单量,5480322,91.63190683,91.63190683
2016/12/7,payed,_汇总0,1支付成功订单量,5540009,91.67734855,91.67734855
2016/12/8,payed,_汇总0,1支付成功订单量,5699571,91.88712639,91.88712639
2016/12/9,payed,_汇总0,1支付成功订单量,5822372,91.61601777,91.61601777
2016/12/10,payed,_汇总0,1支付成功订单量,6507041,91.55020949,91.55020949
2016/12/11,payed,_汇总0,1支付成功订单量,6682076,91.66736402,91.66736402
2016/12/12,payed,_汇总0,1支付成功订单量,6395233,91.29902718,91.29902718
2016/12/13,payed,_汇总0,1支付成功订单量,6363231,91.4776095,91.4776095
2016/12/14,payed,_汇总0,1支付成功订单量,6271408,91.83696989,91.83696989
2016/12/15,payed,_汇总0,1支付成功订单量,6241285,91.86217212,91.86217212
2016/12/16,payed,_汇总0,1支付成功订单量,6315735,92.05522496,92.05522496
2016/12/17,payed,_汇总0,1支付成功订单量,6712812,92.05985196,92.05985196
2016/12/18,payed,_汇总0,1支付成功订单量,6794133,92.02734272,92.02734272
2016/12/19,payed,_汇总0,1支付成功订单量,6214157,91.90075206,91.90075206
2016/12/20,payed,_汇总0,1支付成功订单量,6640296,91.89951568,91.89951568
2016/12/21,payed,_汇总0,1支付成功订单量,6733577,91.54001069,91.54001069
2016/12/22,payed,_汇总0,1支付成功订单量,6531604,91.813666,91.813666
2016/12/23,payed,_汇总0,1支付成功订单量,6514927,91.57799152,91.57799152
2016/12/24,payed,_汇总0,1支付成功订单量,7288546,89.81648766,89.81648766
2016/12/25,payed,_汇总0,1支付成功订单量,7808679,90.03143101,90.03143101
2016/12/26,payed,_汇总0,1支付成功订单量,7091455,91.34883729,91.34883729
2016/12/27,payed,_汇总0,1支付成功订单量,7016301,91.72261166,91.72261166
2016/12/28,payed,_汇总0,1支付成功订单量,6995390,91.86112475,91.86112475
2016/12/29,payed,_汇总0,1支付成功订单量,7015948,91.82417216,91.82417216
2016/12/30,payed,_汇总0,1支付成功订单量,6850978,91.95502981,91.95502981
2016/12/31,payed,_汇总0,1支付成功订单量,6551590,91.79938617,91.79938617
2017/1/1,payed,_汇总0,1支付成功订单量,6323850,91.63661309,91.63661309
2017/1/2,payed,_汇总0,1支付成功订单量,6774661,91.94703206,91.94703206
2017/1/3,payed,_汇总0,1支付成功订单量,6561558,91.98731213,91.98731213
2017/1/4,payed,_汇总0,1支付成功订单量,6774102,92.44838785,92.44838785
2017/1/5,payed,_汇总0,1支付成功订单量,7219292,92.6750993,92.6750993
2017/1/6,payed,_汇总0,1支付成功订单量,6908820,92.79517802,92.79517802
2017/1/7,payed,_汇总0,1支付成功订单量,7423081,92.91826124,92.91826124
2017/1/8,payed,_汇总0,1支付成功订单量,7020550,93.0317151,93.0317151
2017/1/9,payed,_汇总0,1支付成功订单量,6380396,93.17073178,93.17073178
2017/1/10,payed,_汇总0,1支付成功订单量,6429106,93.04358359,93.04358359
2017/1/11,payed,_汇总0,1支付成功订单量,6365332,92.9111674,92.9111674
2017/1/12,payed,_汇总0,1支付成功订单量,6196867,93.23410115,93.23410115
2017/1/13,payed,_汇总0,1支付成功订单量,5727124,93.16550566,93.16550566
2017/1/14,payed,_汇总0,1支付成功订单量,5579848,93.12257685,93.12257685
2017/1/15,payed,_汇总0,1支付成功订单量,5472124,93.12508413,93.12508413
2017/1/16,payed,_汇总0,1支付成功订单量,5093343,93.21564636,93.21564636
2017/1/17,payed,_汇总0,1支付成功订单量,5083241,93.30196006,93.30196006
2017/1/18,payed,_汇总0,1支付成功订单量,5145963,93.29096112,93.29096112
2017/1/19,payed,_汇总0,1支付成功订单量,4896820,93.24104219,93.24104219
2016/12/1,created,_汇总created,创建订单量,5948602,5948602,5948602
2016/12/2,created,_汇总created,创建订单量,5773570,5773570,5773570
2016/12/3,created,_汇总created,创建订单量,6355461,6355461,6355461
2016/12/4,created,_汇总created,创建订单量,6525779,6525779,6525779
2016/12/5,created,_汇总created,创建订单量,5854984,5854984,5854984
2016/12/6,created,_汇总created,创建订单量,5980801,5980801,5980801
2016/12/7,created,_汇总created,创建订单量,6042942,6042942,6042942
2016/12/8,created,_汇总created,创建订单量,6202796,6202796,6202796
2016/12/9,created,_汇总created,创建订单量,6355190,6355190,6355190
2016/12/10,created,_汇总created,创建订单量,7107620,7107620,7107620
2016/12/11,created,_汇总created,创建订单量,7289482,7289482,7289482
2016/12/12,created,_汇总created,创建订单量,7004711,7004711,7004711
2016/12/13,created,_汇总created,创建订单量,6956053,6956053,6956053
2016/12/14,created,_汇总created,创建订单量,6828849,6828849,6828849
2016/12/15,created,_汇总created,创建订单量,6794184,6794184,6794184
2016/12/16,created,_汇总created,创建订单量,6860811,6860811,6860811
2016/12/17,created,_汇总created,创建订单量,7291791,7291791,7291791
2016/12/18,created,_汇总created,创建订单量,7382733,7382733,7382733
2016/12/19,created,_汇总created,创建订单量,6761813,6761813,6761813
2016/12/20,created,_汇总created,创建订单量,7225605,7225605,7225605
2016/12/21,created,_汇总created,创建订单量,7355884,7355884,7355884
2016/12/22,created,_汇总created,创建订单量,7113978,7113978,7113978
2016/12/23,created,_汇总created,创建订单量,7114075,7114075,7114075
2016/12/24,created,_汇总created,创建订单量,8114931,8114931,8114931
2016/12/25,created,_汇总created,创建订单量,8673281,8673281,8673281
2016/12/26,created,_汇总created,创建订单量,7763049,7763049,7763049
2016/12/27,created,_汇总created,创建订单量,7649478,7649478,7649478
2016/12/28,created,_汇总created,创建订单量,7615180,7615180,7615180
2016/12/29,created,_汇总created,创建订单量,7640633,7640633,7640633
2016/12/30,created,_汇总created,创建订单量,7450357,7450357,7450357
2016/12/31,created,_汇总created,创建订单量,7136856,7136856,7136856
2017/1/1,created,_汇总created,创建订单量,6901008,6901008,6901008
2017/1/2,created,_汇总created,创建订单量,7368004,7368004,7368004
2017/1/3,created,_汇总created,创建订单量,7133112,7133112,7133112
2017/1/4,created,_汇总created,创建订单量,7327442,7327442,7327442
2017/1/5,created,_汇总created,创建订单量,7789894,7789894,7789894
2017/1/6,created,_汇总created,创建订单量,7445236,7445236,7445236
2017/1/7,created,_汇总created,创建订单量,7988829,7988829,7988829
2017/1/8,created,_汇总created,创建订单量,7546405,7546405,7546405
2017/1/9,created,_汇总created,创建订单量,6848069,6848069,6848069
2017/1/10,created,_汇总created,创建订单量,6909779,6909779,6909779
2017/1/11,created,_汇总created,创建订单量,6850987,6850987,6850987
2017/1/12,created,_汇总created,创建订单量,6646567,6646567,6646567
2017/1/13,created,_汇总created,创建订单量,6147258,6147258,6147258
2017/1/14,created,_汇总created,创建订单量,5991939,5991939,5991939
2017/1/15,created,_汇总created,创建订单量,5876101,5876101,5876101
2017/1/16,created,_汇总created,创建订单量,5464043,5464043,5464043
2017/1/17,created,_汇总created,创建订单量,5448161,5448161,5448161
2017/1/18,created,_汇总created,创建订单量,5516036,5516036,5516036
2017/1/19,created,_汇总created,创建订单量,5251786,5251786,5251786
2016/12/1,abn1,2001/2/3,商户确认订单后，运力接单前__T 之内商户取消,455,1.993602944,0.008336283
2016/12/2,abn1,2001/2/3,商户确认订单后，运力接单前__T 之内商户取消,454,1.93388993,0.008612013
2016/12/3,abn1,2001/2/3,商户确认订单后，运力接单前__T 之内商户取消,439,1.920048985,0.007528539
2016/12/4,abn1,2001/2/3,商户确认订单后，运力接单前__T 之内商户取消,447,1.992689016,0.007456975
2016/12/5,abn1,2001/2/3,商户确认订单后，运力接单前__T 之内商户取消,363,1.835558252,0.006759259
2016/12/6,abn1,2001/2/3,商户确认订单后，运力接单前__T 之内商户取消,353,1.736777368,0.006441227
2016/12/7,abn1,2001/2/3,商户确认订单后，运力接单前__T 之内商户取消,332,1.588744796,0.00599277
2016/12/8,abn1,2001/2/3,商户确认订单后，运力接单前__T 之内商户取消,360,1.612325331,0.006316265
2016/12/9,abn1,2001/2/3,商户确认订单后，运力接单前__T 之内商户取消,354,1.597184624,0.006079996
2016/12/10,abn1,2001/2/3,商户确认订单后，运力接单前__T 之内商户取消,420,1.64004842,0.006454547
2016/12/11,abn1,2001/2/3,商户确认订单后，运力接单前__T 之内商户取消,419,1.65084118,0.006270506
2016/12/12,abn1,2001/2/3,商户确认订单后，运力接单前__T 之内商户取消,425,1.539631937,0.006645575
2016/12/13,abn1,2001/2/3,商户确认订单后，运力接单前__T 之内商户取消,438,1.437243642,0.006883296
2016/12/14,abn1,2001/2/3,商户确认订单后，运力接单前__T 之内商户取消,394,1.548620391,0.006282481
2016/12/15,abn1,2001/2/3,商户确认订单后，运力接单前__T 之内商户取消,410,1.611255207,0.00656916
2016/12/16,abn1,2001/2/3,商户确认订单后，运力接单前__T 之内商户取消,379,1.518612013,0.006000885
2016/12/17,abn1,2001/2/3,商户确认订单后，运力接单前__T 之内商户取消,404,1.568322981,0.006018342
2016/12/18,abn1,2001/2/3,商户确认订单后，运力接单前__T 之内商户取消,439,1.789499429,0.006461457
2016/12/19,abn1,2001/2/3,商户确认订单后，运力接单前__T 之内商户取消,396,1.667368421,0.006372546
2016/12/20,abn1,2001/2/3,商户确认订单后，运力接单前__T 之内商户取消,461,1.609243551,0.006942462
2016/12/21,abn1,2001/2/3,商户确认订单后，运力接单前__T 之内商户取消,741,1.359134263,0.011004552
2016/12/22,abn1,2001/2/3,商户确认订单后，运力接单前__T 之内商户取消,406,1.537937043,0.006215931
2016/12/23,abn1,2001/2/3,商户确认订单后，运力接单前__T 之内商户取消,462,1.672216592,0.007091407
2016/12/24,abn1,2001/2/3,商户确认订单后，运力接单前__T 之内商户取消,759,1.749412253,0.0104136
2016/12/25,abn1,2001/2/3,商户确认订单后，运力接单前__T 之内商户取消,950,1.714027966,0.01216595
2016/12/26,abn1,2001/2/3,商户确认订单后，运力接单前__T 之内商户取消,782,1.824843068,0.011027356
2016/12/27,abn1,2001/2/3,商户确认订单后，运力接单前__T 之内商户取消,666,1.900088443,0.009492181
2016/12/28,abn1,2001/2/3,商户确认订单后，运力接单前__T 之内商户取消,595,1.782557896,0.008505602
2016/12/29,abn1,2001/2/3,商户确认订单后，运力接单前__T 之内商户取消,623,1.928016588,0.008879769
2016/12/30,abn1,2001/2/3,商户确认订单后，运力接单前__T 之内商户取消,555,1.781987478,0.008101033
2016/12/31,abn1,2001/2/3,商户确认订单后，运力接单前__T 之内商户取消,621,1.959175947,0.009478615
2017/1/1,abn1,2001/2/3,商户确认订单后，运力接单前__T 之内商户取消,667,1.991877202,0.010547372
2017/1/2,abn1,2001/2/3,商户确认订单后，运力接单前__T 之内商户取消,528,1.834479883,0.007793748
2017/1/3,abn1,2001/2/3,商户确认订单后，运力接单前__T 之内商户取消,470,1.648313109,0.007162933
2017/1/4,abn1,2001/2/3,商户确认订单后，运力接单前__T 之内商户取消,511,1.670917533,0.007543435
2017/1/5,abn1,2001/2/3,商户确认订单后，运力接单前__T 之内商户取消,638,1.412848506,0.008837432
2017/1/6,abn1,2001/2/3,商户确认订单后，运力接单前__T 之内商户取消,625,1.643828411,0.009046407
2017/1/7,abn1,2001/2/3,商户确认订单后，运力接单前__T 之内商户取消,800,1.633786709,0.010777196
2017/1/8,abn1,2001/2/3,商户确认订单后，运力接单前__T 之内商户取消,645,1.754863284,0.009187314
2017/1/9,abn1,2001/2/3,商户确认订单后，运力接单前__T 之内商户取消,494,1.457743154,0.007742466
2017/1/10,abn1,2001/2/3,商户确认订单后，运力接单前__T 之内商户取消,566,1.425477258,0.008803712
2017/1/11,abn1,2001/2/3,商户确认订单后，运力接单前__T 之内商户取消,728,1.580375556,0.011436953
2017/1/12,abn1,2001/2/3,商户确认订单后，运力接单前__T 之内商户取消,752,1.573221757,0.012135164
2017/1/13,abn1,2001/2/3,商户确认订单后，运力接单前__T 之内商户取消,627,1.440816233,0.010947903
2017/1/14,abn1,2001/2/3,商户确认订单后，运力接单前__T 之内商户取消,614,1.497341852,0.011003884
2017/1/15,abn1,2001/2/3,商户确认订单后，运力接单前__T 之内商户取消,686,1.551860649,0.012536266
2017/1/16,abn1,2001/2/3,商户确认订单后，运力接单前__T 之内商户取消,595,1.500554827,0.011681915
2017/1/17,abn1,2001/2/3,商户确认订单后，运力接单前__T 之内商户取消,611,1.472857005,0.01201989
2017/1/18,abn1,2001/2/3,商户确认订单后，运力接单前__T 之内商户取消,864,1.531806255,0.01678986
2017/1/19,abn1,2001/2/3,商户确认订单后，运力接单前__T 之内商户取消,953,1.677078751,0.01946161
2016/12/1,abn1-ydnorm,2001/2/3,商户确认订单后，运力接单前__T 之内商户取消,4,1.709401709,7.33E-05
2016/12/2,abn1-ydnorm,2001/2/3,商户确认订单后，运力接单前__T 之内商户取消,10,2.857142857,0.000189692
2016/12/3,abn1-ydnorm,2001/2/3,商户确认订单后，运力接单前__T 之内商户取消,4,1.587301587,6.86E-05
2016/12/4,abn1-ydnorm,2001/2/3,商户确认订单后，运力接单前__T 之内商户取消,2,1.058201058,3.34E-05
2016/12/5,abn1-ydnorm,2001/2/3,商户确认订单后，运力接单前__T 之内商户取消,8,3.80952381,0.000148964
2016/12/6,abn1-ydnorm,2001/2/3,商户确认订单后，运力接单前__T 之内商户取消,2,1.015228426,3.65E-05
2016/12/7,abn1-ydnorm,2001/2/3,商户确认订单后，运力接单前__T 之内商户取消,5,2.252252252,9.03E-05
2016/12/8,abn1-ydnorm,2001/2/3,商户确认订单后，运力接单前__T 之内商户取消,3,1.395348837,5.26E-05
2016/12/9,abn1-ydnorm,2001/2/3,商户确认订单后，运力接单前__T 之内商户取消,3,1.388888889,5.15E-05
2016/12/10,abn1-ydnorm,2001/2/3,商户确认订单后，运力接单前__T 之内商户取消,4,1.550387597,6.15E-05
2016/12/11,abn1-ydnorm,2001/2/3,商户确认订单后，运力接单前__T 之内商户取消,4,1.593625498,5.99E-05
2016/12/12,abn1-ydnorm,2001/2/3,商户确认订单后，运力接单前__T 之内商户取消,3,0.925925926,4.69E-05
2016/12/13,abn1-ydnorm,2001/2/3,商户确认订单后，运力接单前__T 之内商户取消,6,1.630434783,9.43E-05
2016/12/14,abn1-ydnorm,2001/2/3,商户确认订单后，运力接单前__T 之内商户取消,3,0.983606557,4.78E-05
2016/12/15,abn1-ydnorm,2001/2/3,商户确认订单后，运力接单前__T 之内商户取消,8,3.238866397,0.000128179
2016/12/16,abn1-ydnorm,2001/2/3,商户确认订单后，运力接单前__T 之内商户取消,5,1.805054152,7.92E-05
2016/12/17,abn1-ydnorm,2001/2/3,商户确认订单后，运力接单前__T 之内商户取消,3,1.219512195,4.47E-05
2016/12/18,abn1-ydnorm,2001/2/3,商户确认订单后，运力接单前__T 之内商户取消,6,2.666666667,8.83E-05
2016/12/19,abn1-ydnorm,2001/2/3,商户确认订单后，运力接单前__T 之内商户取消,4,1.694915254,6.44E-05
2016/12/20,abn1-ydnorm,2001/2/3,商户确认订单后，运力接单前__T 之内商户取消,7,2.222222222,0.000105417
2016/12/21,abn1-ydnorm,2001/2/3,商户确认订单后，运力接单前__T 之内商户取消,15,2.245508982,0.000222764
2016/12/22,abn1-ydnorm,2001/2/3,商户确认订单后，运力接单前__T 之内商户取消,6,2.112676056,9.19E-05
2016/12/23,abn1-ydnorm,2001/2/3,商户确认订单后，运力接单前__T 之内商户取消,7,2.651515152,0.000107446
2016/12/24,abn1-ydnorm,2001/2/3,商户确认订单后，运力接单前__T 之内商户取消,11,2.244897959,0.000150922
2016/12/25,abn1-ydnorm,2001/2/3,商户确认订单后，运力接单前__T 之内商户取消,10,1.547987616,0.000128063
2016/12/26,abn1-ydnorm,2001/2/3,商户确认订单后，运力接单前__T 之内商户取消,20,4.06504065,0.00028203
2016/12/27,abn1-ydnorm,2001/2/3,商户确认订单后，运力接单前__T 之内商户取消,10,3.533568905,0.000142525
2016/12/28,abn1-ydnorm,2001/2/3,商户确认订单后，运力接单前__T 之内商户取消,16,4.938271605,0.000228722
2016/12/29,abn1-ydnorm,2001/2/3,商户确认订单后，运力接单前__T 之内商户取消,13,4.513888889,0.000185292
2016/12/30,abn1-ydnorm,2001/2/3,商户确认订单后，运力接单前__T 之内商户取消,7,2.508960573,0.000102175
2016/12/31,abn1-ydnorm,2001/2/3,商户确认订单后，运力接单前__T 之内商户取消,7,3.111111111,0.000106844
2017/1/1,abn1-ydnorm,2001/2/3,商户确认订单后，运力接单前__T 之内商户取消,7,2.857142857,0.000110692
2017/1/2,abn1-ydnorm,2001/2/3,商户确认订单后，运力接单前__T 之内商户取消,6,3.20855615,8.86E-05
2017/1/3,abn1-ydnorm,2001/2/3,商户确认订单后，运力接单前__T 之内商户取消,10,4.672897196,0.000152403
2017/1/4,abn1-ydnorm,2001/2/3,商户确认订单后，运力接单前__T 之内商户取消,9,3.333333333,0.000132859
2017/1/5,abn1-ydnorm,2001/2/3,商户确认订单后，运力接单前__T 之内商户取消,8,1.851851852,0.000110814
2017/1/6,abn1-ydnorm,2001/2/3,商户确认订单后，运力接单前__T 之内商户取消,4,0.860215054,5.79E-05
2017/1/7,abn1-ydnorm,2001/2/3,商户确认订单后，运力接单前__T 之内商户取消,8,2.122015915,0.000107772
2017/1/8,abn1-ydnorm,2001/2/3,商户确认订单后，运力接单前__T 之内商户取消,6,3.076923077,8.55E-05
2017/1/9,abn1-ydnorm,2001/2/3,商户确认订单后，运力接单前__T 之内商户取消,8,3.524229075,0.000125384
2017/1/10,abn1-ydnorm,2001/2/3,商户确认订单后，运力接单前__T 之内商户取消,9,3.082191781,0.000139988
2017/1/11,abn1-ydnorm,2001/2/3,商户确认订单后，运力接单前__T 之内商户取消,5,1.644736842,7.86E-05
2017/1/12,abn1-ydnorm,2001/2/3,商户确认订单后，运力接单前__T 之内商户取消,7,2.160493827,0.00011296
2017/1/13,abn1-ydnorm,2001/2/3,商户确认订单后，运力接单前__T 之内商户取消,15,5.905511811,0.000261912
2017/1/14,abn1-ydnorm,2001/2/3,商户确认订单后，运力接单前__T 之内商户取消,7,3.664921466,0.000125451
2017/1/15,abn1-ydnorm,2001/2/3,商户确认订单后，运力接单前__T 之内商户取消,8,4.166666667,0.000146196
2017/1/16,abn1-ydnorm,2001/2/3,商户确认订单后，运力接单前__T 之内商户取消,10,3.861003861,0.000196335
2017/1/17,abn1-ydnorm,2001/2/3,商户确认订单后，运力接单前__T 之内商户取消,5,1.945525292,9.84E-05
2017/1/18,abn1-ydnorm,2001/2/3,商户确认订单后，运力接单前__T 之内商户取消,10,2.747252747,0.000194327
2017/1/19,abn1-ydnorm,2001/2/3,商户确认订单后，运力接单前__T 之内商户取消,4,0.208768267,8.17E-05
2016/12/1,abn3,2003/1/1,商户确认订单前__商户未接单被系统取消,76698,48.55379356,1.405222507
2016/12/2,abn3,2003/1/1,商户确认订单前__商户未接单被系统取消,72977,47.41722112,1.384314679
2016/12/3,abn3,2003/1/1,商户确认订单前__商户未接单被系统取消,76065,45.76549583,1.304460788
2016/12/4,abn3,2003/1/1,商户确认订单前__商户未接单被系统取消,74063,44.86409867,1.235538974
2016/12/5,abn3,2003/1/1,商户确认订单前__商户未接单被系统取消,63730,45.60253594,1.186687574
2016/12/6,abn3,2003/1/1,商户确认订单前__商户未接单被系统取消,64022,44.67846052,1.168216028
2016/12/7,abn3,2003/1/1,商户确认订单前__商户未接单被系统取消,83393,50.53600538,1.505286363
2016/12/8,abn3,2003/1/1,商户确认订单前__商户未接单被系统取消,79193,48.06421267,1.389455452
2016/12/9,abn3,2003/1/1,商户确认订单前__商户未接单被系统取消,84653,48.02816342,1.453926338
2016/12/10,abn3,2003/1/1,商户确认订单前__商户未接单被系统取消,84019,43.75647736,1.291201331
2016/12/11,abn3,2003/1/1,商户确认订单前__商户未接单被系统取消,85311,43.74429552,1.276714003
2016/12/12,abn3,2003/1/1,商户确认订单前__商户未接单被系统取消,77805,42.44356678,1.216609309
2016/12/13,abn3,2003/1/1,商户确认订单前__商户未接单被系统取消,104909,50.01668669,1.648675021
2016/12/14,abn3,2003/1/1,商户确认订单前__商户未接单被系统取消,104904,49.6958672,1.672734416
2016/12/15,abn3,2003/1/1,商户确认订单前__商户未接单被系统取消,69594,39.00659134,1.115058838
2016/12/16,abn3,2003/1/1,商户确认订单前__商户未接单被系统取消,70898,41.25766693,1.122561349
2016/12/17,abn3,2003/1/1,商户确认订单前__商户未接单被系统取消,74431,39.32239386,1.108790176
2016/12/18,abn3,2003/1/1,商户确认订单前__商户未接单被系统取消,69855,37.03890265,1.028166508
2016/12/19,abn3,2003/1/1,商户确认订单前__商户未接单被系统取消,61439,38.51902472,0.988694042
2016/12/20,abn3,2003/1/1,商户确认订单前__商户未接单被系统取消,105868,49.25078039,1.594326518
2016/12/21,abn3,2003/1/1,商户确认订单前__商户未接单被系统取消,114706,41.4974477,1.703492809
2016/12/22,abn3,2003/1/1,商户确认订单前__商户未接单被系统取消,135188,55.63979092,2.069751932
2016/12/23,abn3,2003/1/1,商户确认订单前__商户未接单被系统取消,107938,50.22754981,1.656779884
2016/12/24,abn3,2003/1/1,商户确认订单前__商户未接单被系统取消,130246,46.16622478,1.78699565
2016/12/25,abn3,2003/1/1,商户确认订单前__商户未接单被系统取消,146956,47.32501409,1.881957243
2016/12/26,abn3,2003/1/1,商户确认订单前__商户未接单被系统取消,144199,51.45939426,2.033419094
2016/12/27,abn3,2003/1/1,商户确认订单前__商户未接单被系统取消,145592,53.48124747,2.075053508
2016/12/28,abn3,2003/1/1,商户确认订单前__商户未接单被系统取消,127110,52.17316351,1.817053803
2016/12/29,abn3,2003/1/1,商户确认订单前__商户未接单被系统取消,106175,48.21358835,1.513337898
2016/12/30,abn3,2003/1/1,商户确认订单前__商户未接单被系统取消,94447,46.00505609,1.378591495
2016/12/31,abn3,2003/1/1,商户确认订单前__商户未接单被系统取消,104953,46.36982579,1.601947008
2017/1/1,abn3,2003/1/1,商户确认订单前__商户未接单被系统取消,113460,46.00954578,1.794160203
2017/1/2,abn3,2003/1/1,商户确认订单前__商户未接单被系统取消,97415,44.67901648,1.437931728
2017/1/3,abn3,2003/1/1,商户确认订单前__商户未接单被系统取消,87014,44.83570615,1.326117974
2017/1/4,abn3,2003/1/1,商户确认订单前__商户未接单被系统取消,91524,44.27052598,1.35108683
2017/1/5,abn3,2003/1/1,商户确认订单前__商户未接单被系统取消,107464,45.10310036,1.488567023
2017/1/6,abn3,2003/1/1,商户确认订单前__商户未接单被系统取消,101225,44.65270364,1.465156134
2017/1/7,abn3,2003/1/1,商户确认订单前__商户未接单被系统取消,124234,46.59660335,1.673617734
2017/1/8,abn3,2003/1/1,商户确认订单前__商户未接单被系统取消,101109,44.63618785,1.44018631
2017/1/9,abn3,2003/1/1,商户确认订单前__商户未接单被系统取消,90604,45.02196339,1.420037252
2017/1/10,abn3,2003/1/1,商户确认订单前__商户未接单被系统取消,92614,44.38342247,1.440542433
2017/1/11,abn3,2003/1/1,商户确认订单前__商户未接单被系统取消,110304,47.24688709,1.732886831
2017/1/12,abn3,2003/1/1,商户确认订单前__商户未接单被系统取消,97060,45.37634409,1.566275345
2017/1/13,abn3,2003/1/1,商户确认订单前__商户未接单被系统取消,91739,45.28934351,1.60183366
2017/1/14,abn3,2003/1/1,商户确认订单前__商户未接单被系统取消,93304,45.82328587,1.672160245
2017/1/15,abn3,2003/1/1,商户确认订单前__商户未接单被系统取消,94130,46.20920551,1.720173008
2017/1/16,abn3,2003/1/1,商户确认订单前__商户未接单被系统取消,88999,46.40270703,1.747359249
2017/1/17,abn3,2003/1/1,商户确认订单前__商户未接单被系统取消,93151,47.20880613,1.832511974
2017/1/18,abn3,2003/1/1,商户确认订单前__商户未接单被系统取消,100734,46.88966262,1.957534479
2017/1/19,abn3,2003/1/1,商户确认订单前__商户未接单被系统取消,118558,50.07391264,2.421122279
2016/12/1,abn3,2003/1/2,商户确认订单前__商户拒单,13971,8.844364258,0.255969695
2016/12/2,abn3,2003/1/2,商户确认订单前__商户拒单,12627,8.204465121,0.23952398
2016/12/3,abn3,2003/1/2,商户确认订单前__商户拒单,15681,9.434677448,0.268918026
2016/12/4,abn3,2003/1/2,商户确认订单前__商户拒单,15955,9.664835265,0.26616562
2016/12/5,abn3,2003/1/2,商户确认订单前__商户拒单,13666,9.778820903,0.25446842
2016/12/6,abn3,2003/1/2,商户确认订单前__商户拒单,13208,9.217348826,0.241007736
2016/12/7,abn3,2003/1/2,商户确认订单前__商户拒单,13497,8.179157299,0.243627763
2016/12/8,abn3,2003/1/2,商户确认订单前__商户拒单,14632,8.880526811,0.256721076
2016/12/9,abn3,2003/1/2,商户确认订单前__商户拒单,15001,8.510867653,0.257644135
2016/12/10,abn3,2003/1/2,商户确认订单前__商户拒单,18738,9.758612608,0.287964991
2016/12/11,abn3,2003/1/2,商户确认订单前__商户拒单,18521,9.496877275,0.277174339
2016/12/12,abn3,2003/1/2,商户确认订单前__商户拒单,17235,9.401900564,0.269497609
2016/12/13,abn3,2003/1/2,商户确认订单前__商户拒单,16856,8.036310239,0.264896874
2016/12/14,abn3,2003/1/2,商户确认订单前__商户拒单,16411,7.774335361,0.261679674
2016/12/15,abn3,2003/1/2,商户确认订单前__商户拒单,22829,12.7953771,0.365774035
2016/12/16,abn3,2003/1/2,商户确认订单前__商户拒单,17281,10.05633082,0.273618193
2016/12/17,abn3,2003/1/2,商户确认订单前__商户拒单,21552,11.38606538,0.321057703
2016/12/18,abn3,2003/1/2,商户确认订单前__商户拒单,25048,13.28108845,0.368671028
2016/12/19,abn3,2003/1/2,商户确认订单前__商户拒单,17504,10.97408826,0.281679398
2016/12/20,abn3,2003/1/2,商户确认订单前__商户拒单,19111,8.890615332,0.287803435
2016/12/21,abn3,2003/1/2,商户确认订单前__商户拒单,32643,11.80933155,0.484779486
2016/12/22,abn3,2003/1/2,商户确认订单前__商户拒单,18782,7.730172449,0.287555706
2016/12/23,abn3,2003/1/2,商户确认订单前__商户拒单,19666,9.1513183,0.301860635
2016/12/24,abn3,2003/1/2,商户确认订单前__商户拒单,28736,10.18559215,0.39426245
2016/12/25,abn3,2003/1/2,商户确认订单前__商户拒单,34588,11.13855567,0.442943038
2016/12/26,abn3,2003/1/2,商户确认订单前__商户拒单,27013,9.639960174,0.380923238
2016/12/27,abn3,2003/1/2,商户确认订单前__商户拒单,23225,8.531388899,0.331014875
2016/12/28,abn3,2003/1/2,商户确认订单前__商户拒单,22281,9.145387902,0.318509761
2016/12/29,abn3,2003/1/2,商户确认订单前__商户拒单,21907,9.947869838,0.312245758
2016/12/30,abn3,2003/1/2,商户确认订单前__商户拒单,21569,10.50624218,0.314830963
2016/12/31,abn3,2003/1/2,商户确认订单前__商户拒单,26275,11.60869315,0.401047685
2017/1/1,abn3,2003/1/2,商户确认订单前__商户拒单,30829,12.50157136,0.487503657
2017/1/2,abn3,2003/1/2,商户确认订单前__商户拒单,23313,10.69241812,0.34412054
2017/1/3,abn3,2003/1/2,商户确认订单前__商户拒单,20677,10.65423835,0.315123329
2017/1/4,abn3,2003/1/2,商户确认订单前__商户拒单,21547,10.42237034,0.318079061
2017/1/5,abn3,2003/1/2,商户确认订单前__商户拒单,24644,10.34319219,0.341363114
2017/1/6,abn3,2003/1/2,商户确认订单前__商户拒单,23558,10.39198214,0.340984423
2017/1/7,abn3,2003/1/2,商户确认订单前__商户拒单,28731,10.77617247,0.387049528
2017/1/8,abn3,2003/1/2,商户确认订单前__商户拒单,25045,11.05651648,0.356738432
2017/1/9,abn3,2003/1/2,商户确认订单前__商户拒单,22132,10.99759496,0.346875022
2017/1/10,abn3,2003/1/2,商户确认订单前__商户拒单,22824,10.93794928,0.355010479
2017/1/11,abn3,2003/1/2,商户确认订单前__商户拒单,23409,10.0268565,0.367757723
2017/1/12,abn3,2003/1/2,商户确认订单前__商户拒单,24841,11.61337073,0.400863856
2017/1/13,abn3,2003/1/2,商户确认订单前__商户拒单,24074,11.88475627,0.420350598
2017/1/14,abn3,2003/1/2,商户确认订单前__商户拒单,24163,11.86688734,0.43304047
2017/1/15,abn3,2003/1/2,商户确认订单前__商户拒单,25430,12.48380002,0.464719001
2017/1/16,abn3,2003/1/2,商户确认订单前__商户拒单,24285,12.66182474,0.476798833
2017/1/17,abn3,2003/1/2,商户确认订单前__商户拒单,24486,12.40947308,0.481700553
2017/1/18,abn3,2003/1/2,商户确认订单前__商户拒单,28769,13.39139421,0.559059597
2017/1/19,abn3,2003/1/2,商户确认订单前__商户拒单,31537,13.31990235,0.644030207
2016/12/1,abn3,2003/2/2,商户确认订单后，运力接单前__取消订单,7003,4.433260532,0.128305474
2016/12/2,abn3,2003/2/2,商户确认订单后，运力接单前__取消订单,7410,4.814689677,0.140561708
2016/12/3,abn3,2003/2/2,商户确认订单后，运力接单前__取消订单,8418,5.064799105,0.144362728
2016/12/4,abn3,2003/2/2,商户确认订单后，运力接单前__取消订单,8196,4.964775295,0.136727886
2016/12/5,abn3,2003/2/2,商户确认订单后，运力接单前__取消订单,6653,4.760609942,0.123882511
2016/12/6,abn3,2003/2/2,商户确认订单后，运力接单前__取消订单,6590,4.598904358,0.120248409
2016/12/7,abn3,2003/2/2,商户确认订单后，运力接单前__取消订单,6679,4.047461777,0.120559371
2016/12/8,abn3,2003/2/2,商户确认订单后，运力接单前__取消订单,7132,4.328589203,0.125132225
2016/12/9,abn3,2003/2/2,商户确认订单后，运力接单前__取消订单,7275,4.127495646,0.124949076
2016/12/10,abn3,2003/2/2,商户确认订单后，运力接单前__取消订单,9647,5.02408666,0.14825479
2016/12/11,abn3,2003/2/2,商户确认订单后，运力接单前__取消订单,9536,4.889704751,0.14271014
2016/12/12,abn3,2003/2/2,商户确认订单后，运力接单前__取消订单,8648,4.7175884,0.135225722
2016/12/13,abn3,2003/2/2,商户确认订单后，运力接单前__取消订单,8896,4.241280012,0.139803191
2016/12/14,abn3,2003/2/2,商户确认订单后，运力接单前__取消订单,7738,3.665700263,0.123385371
2016/12/15,abn3,2003/2/2,商户确认订单后，运力接单前__取消订单,8586,4.812348668,0.137567825
2016/12/16,abn3,2003/2/2,商户确认订单后，运力接单前__取消订单,9178,5.340952736,0.145319587
2016/12/17,abn3,2003/2/2,商户确认订单后，运力接单前__取消订单,10793,5.702013905,0.160782098
2016/12/18,abn3,2003/2/2,商户确认订单后，运力接单前__取消订单,10809,5.731207483,0.159093147
2016/12/19,abn3,2003/2/2,商户确认订单后，运力接单前__取消订单,8651,5.423722438,0.139214378
2016/12/20,abn3,2003/2/2,商户确认订单后，运力接单前__取消订单,9842,4.578590137,0.148216284
2016/12/21,abn3,2003/2/2,商户确认订单后，运力接单前__取消订单,13504,4.885372463,0.200547198
2016/12/22,abn3,2003/2/2,商户确认订单后，运力接单前__取消订单,9591,3.947400914,0.146839888
2016/12/23,abn3,2003/2/2,商户确认订单后，运力接单前__取消订单,9663,4.496551853,0.148320925
2016/12/24,abn3,2003/2/2,商户确认订单后，运力接单前__取消订单,15339,5.436970977,0.210453498
2016/12/25,abn3,2003/2/2,商户确认订单后，运力接单前__取消订单,17272,5.56219306,0.221189781
2016/12/26,abn3,2003/2/2,商户确认订单后，运力接单前__取消订单,12720,4.539306757,0.179370806
2016/12/27,abn3,2003/2/2,商户确认订单后，运力接单前__取消订单,11038,4.054659663,0.157319362
2016/12/28,abn3,2003/2/2,商户确认订单后，运力接单前__取消订单,11022,4.524054821,0.157560908
2016/12/29,abn3,2003/2/2,商户确认订单后，运力接单前__取消订单,10914,4.955998147,0.155559876
2016/12/30,abn3,2003/2/2,商户确认订单后，运力接单前__取消订单,11071,5.392675003,0.161597366
2016/12/31,abn3,2003/2/2,商户确认订单后，运力接单前__取消订单,13235,5.847423555,0.202012031
2017/1/1,abn3,2003/2/2,商户确认订单后，运力接单前__取消订单,14271,5.787081155,0.225669489
2017/1/2,abn3,2003/2/2,商户确认订单后，运力接单前__取消订单,13664,6.266941243,0.201692749
2017/1/3,abn3,2003/2/2,商户确认订单后，运力接单前__取消订单,10590,5.456709589,0.161394596
2017/1/4,abn3,2003/2/2,商户确认订单后，运力接单前__取消订单,12747,6.165775039,0.188172543
2017/1/5,abn3,2003/2/2,商户确认订单后，运力接单前__取消订单,12834,5.386484683,0.177773665
2017/1/6,abn3,2003/2/2,商户确认订单后，运力接单前__取消订单,12249,5.403319012,0.17729511
2017/1/7,abn3,2003/2/2,商户确认订单后，运力接单前__取消订单,14235,5.339139436,0.191766734
2017/1/8,abn3,2003/2/2,商户确认订单后，运力接单前__取消订单,11890,5.249030982,0.16935995
2017/1/9,abn3,2003/2/2,商户确认订单后，运力接单前__取消订单,10017,4.977539703,0.156996525
2017/1/10,abn3,2003/2/2,商户确认订单后，运力接单前__取消订单,10677,5.116740468,0.166072857
2017/1/11,abn3,2003/2/2,商户确认订单后，运力接单前__取消订单,10514,4.503497342,0.165175988
2017/1/12,abn3,2003/2/2,商户确认订单后，运力接单前__取消订单,11148,5.211781206,0.179897358
2017/1/13,abn3,2003/2/2,商户确认订单后，运力接单前__取消订单,10975,5.418094213,0.19163196
2017/1/14,abn3,2003/2/2,商户确认订单后，运力接单前__取消订单,10670,5.240230433,0.191223847
2017/1/15,abn3,2003/2/2,商户确认订单后，运力接单前__取消订单,10296,5.054392648,0.188153631
2017/1/16,abn3,2003/2/2,商户确认订单后，运力接单前__取消订单,8835,4.606432843,0.173461713
2017/1/17,abn3,2003/2/2,商户确认订单后，运力接单前__取消订单,8983,4.552572764,0.176717964
2017/1/18,abn3,2003/2/2,商户确认订单后，运力接单前__取消订单,10577,4.923381992,0.20553976
2017/1/19,abn3,2003/2/2,商户确认订单后，运力接单前__取消订单,10128,4.277641215,0.206828105